Date,Ward,Reported_Cases,Disease_Type,Hospital_Admissions,Fatalities
2024-01-01,Ward-1,102,Malaria,7,6
2024-01-01,Ward-10,51,COVID-19,0,3
2024-01-02,Ward-10,92,Typhoid,7,4
2024-01-03,Ward-8,14,Malaria,28,7
2024-01-03,Ward-5,106,Dengue,4,0
2024-01-03,Ward-8,71,COVID-19,46,0
2024-01-03,Ward-7,60,Flu,33,3
2024-01-04,Ward-2,20,Malaria,64,2
2024-01-04,Ward-7,102,Dengue,54,9
2024-01-04,Ward-5,82,Cholera,42,1
2024-01-05,Ward-1,86,Typhoid,73,2
2024-01-05,Ward-6,74,COVID-19,29,0
2024-01-09,Ward-4,74,Malaria,16,0
2024-01-09,Ward-3,87,Malaria,25,5
2024-01-09,Ward-3,116,Flu,7,4
2024-01-09,Ward-7,99,Flu,46,7
2024-01-09,Ward-5,103,Cholera,75,1
2024-01-09,Ward-6,23,Typhoid,71,3
2024-01-09,Ward-9,2,Cholera,45,7
2024-01-09,Ward-6,21,Dengue,67,5
2024-01-10,Ward-1,52,Dengue,32,0
2024-01-10,Ward-1,1,Cholera,0,3
2024-01-10,Ward-7,87,Typhoid,18,0
2024-01-13,Ward-1,107,Cholera,30,1
2024-01-13,Ward-7,29,Typhoid,79,4
2024-01-16,Ward-9,37,Typhoid,13,7
2024-01-17,Ward-7,1,COVID-19,52,7
2024-01-18,Ward-6,63,Typhoid,47,2
2024-01-18,Ward-1,59,Flu,68,3
2024-01-19,Ward-7,20,Typhoid,61,9
2024-01-20,Ward-10,32,Typhoid,65,5
2024-01-21,Ward-6,75,Typhoid,63,9
2024-01-22,Ward-10,57,Dengue,69,2
2024-01-22,Ward-1,21,Flu,62,1
2024-01-22,Ward-3,107,Flu,72,5
2024-01-24,Ward-10,88,Cholera,32,4
2024-01-24,Ward-9,48,COVID-19,40,9
2024-01-24,Ward-4,90,Typhoid,47,4
2024-01-24,Ward-10,58,Malaria,12,9
2024-01-24,Ward-4,41,COVID-19,72,4
2024-01-24,Ward-4,91,COVID-19,76,9
2024-01-25,Ward-5,59,Flu,30,4
2024-01-27,Ward-2,79,COVID-19,74,2
2024-01-27,Ward-2,14,Typhoid,67,6
2024-01-27,Ward-7,61,Typhoid,3,5
2024-01-28,Ward-9,61,Dengue,18,3
2024-01-28,Ward-8,46,Typhoid,69,1
2024-01-29,Ward-3,61,Typhoid,12,8
2024-01-29,Ward-5,50,Flu,22,0
2024-01-30,Ward-6,107,Typhoid,74,3
2024-01-30,Ward-8,54,Dengue,0,0
2024-01-31,Ward-4,115,Malaria,53,5
2024-01-31,Ward-5,63,Flu,70,3
2024-02-01,Ward-2,2,Malaria,14,4
2024-02-02,Ward-8,100,Flu,64,4
2024-02-02,Ward-3,50,Cholera,75,8
2024-02-03,Ward-1,6,COVID-19,70,0
2024-02-03,Ward-9,20,Cholera,14,1
2024-02-04,Ward-1,72,Typhoid,20,5
2024-02-04,Ward-4,38,Malaria,18,4
2024-02-04,Ward-4,17,Typhoid,59,6
2024-02-05,Ward-9,3,COVID-19,32,2
2024-02-05,Ward-2,88,Flu,48,2
2024-02-06,Ward-2,59,COVID-19,34,9
2024-02-06,Ward-8,13,Dengue,43,1
2024-02-07,Ward-9,113,COVID-19,10,2
2024-02-07,Ward-10,8,Dengue,71,9
2024-02-07,Ward-10,89,COVID-19,77,0
2024-02-07,Ward-8,52,Dengue,73,4
2024-02-07,Ward-4,1,Malaria,65,4
2024-02-08,Ward-5,83,Typhoid,45,6
2024-02-08,Ward-8,91,Typhoid,8,3
2024-02-09,Ward-6,110,Cholera,2,2
2024-02-09,Ward-7,59,Typhoid,25,0
2024-02-09,Ward-4,70,Flu,71,7
2024-02-09,Ward-7,43,COVID-19,47,2
2024-02-10,Ward-9,7,Cholera,65,1
2024-02-10,Ward-3,46,Flu,69,3
2024-02-10,Ward-8,34,Flu,27,2
2024-02-11,Ward-8,77,Dengue,25,0
2024-02-11,Ward-3,80,Typhoid,24,2
2024-02-12,Ward-1,35,Malaria,11,1
2024-02-12,Ward-1,49,Malaria,4,7
2024-02-13,Ward-3,103,Cholera,47,5
2024-02-13,Ward-1,3,Malaria,36,8
2024-02-13,Ward-6,1,COVID-19,78,7
2024-02-14,Ward-9,5,Malaria,43,9
2024-02-15,Ward-2,53,Cholera,14,2
2024-02-15,Ward-8,105,Malaria,42,4
2024-02-17,Ward-5,3,COVID-19,47,6
2024-02-18,Ward-5,53,Dengue,69,4
2024-02-18,Ward-9,92,Cholera,45,7
2024-02-19,Ward-10,62,Dengue,42,4
2024-02-19,Ward-9,17,Dengue,20,0
2024-02-19,Ward-10,89,Dengue,22,4
2024-02-20,Ward-7,43,Flu,79,3
2024-02-20,Ward-6,33,Typhoid,46,5
2024-02-21,Ward-3,73,Flu,14,2
2024-02-21,Ward-7,61,Typhoid,24,4
2024-02-21,Ward-6,99,Dengue,35,1
2024-02-22,Ward-3,13,Cholera,74,5
2024-02-24,Ward-9,94,Typhoid,50,5
2024-02-24,Ward-7,47,COVID-19,14,4
2024-02-25,Ward-2,14,COVID-19,67,5
2024-02-25,Ward-2,71,Malaria,20,6
2024-02-26,Ward-8,77,Typhoid,12,4
2024-02-26,Ward-1,86,Cholera,18,0
2024-02-26,Ward-4,61,Flu,33,7
2024-02-27,Ward-4,39,Dengue,77,3
2024-02-27,Ward-10,84,Malaria,67,8
2024-02-29,Ward-3,79,COVID-19,51,9
2024-03-01,Ward-6,108,Flu,26,5
2024-03-01,Ward-4,81,Flu,28,0
2024-03-02,Ward-1,110,Dengue,27,2
2024-03-02,Ward-6,52,Typhoid,34,2
2024-03-03,Ward-9,23,COVID-19,7,9
2024-03-03,Ward-10,25,Cholera,15,3
2024-03-03,Ward-5,88,Flu,35,5
2024-03-03,Ward-5,59,Dengue,29,6
2024-03-04,Ward-1,108,Cholera,17,9
2024-03-06,Ward-2,40,Typhoid,1,3
2024-03-06,Ward-1,28,COVID-19,48,5
2024-03-06,Ward-2,14,Typhoid,76,0
2024-03-06,Ward-6,44,Flu,3,7
2024-03-07,Ward-1,64,Cholera,74,6
2024-03-08,Ward-8,88,Cholera,6,8
2024-03-09,Ward-1,70,Cholera,73,2
2024-03-09,Ward-1,8,Flu,38,1
2024-03-09,Ward-5,87,Flu,12,0
2024-03-09,Ward-2,0,Typhoid,30,2
2024-03-09,Ward-4,107,Malaria,70,4
2024-03-09,Ward-5,7,Typhoid,62,1
2024-03-10,Ward-8,87,COVID-19,55,2
2024-03-10,Ward-8,62,Dengue,41,3
2024-03-10,Ward-1,10,Cholera,60,6
2024-03-11,Ward-8,114,Malaria,41,2
2024-03-11,Ward-9,80,Dengue,55,8
2024-03-11,Ward-8,7,Malaria,35,7
2024-03-12,Ward-1,34,Typhoid,67,3
2024-03-12,Ward-7,34,Flu,6,0
2024-03-12,Ward-5,32,Cholera,53,0
2024-03-13,Ward-9,4,Typhoid,0,0
2024-03-14,Ward-4,105,Dengue,43,0
2024-03-14,Ward-1,102,Dengue,44,7
2024-03-15,Ward-4,40,Dengue,46,2
2024-03-15,Ward-7,27,Dengue,12,5
2024-03-15,Ward-2,6,Dengue,21,2
2024-03-15,Ward-4,72,Malaria,20,4
2024-03-16,Ward-7,71,Typhoid,8,6
2024-03-17,Ward-1,11,Cholera,25,1
2024-03-17,Ward-3,33,Flu,8,5
2024-03-18,Ward-2,32,Flu,14,5
2024-03-19,Ward-5,47,Typhoid,9,2
2024-03-19,Ward-2,118,Typhoid,41,5
2024-03-20,Ward-9,22,Flu,71,9
2024-03-21,Ward-5,61,Flu,23,9
2024-03-22,Ward-8,87,Malaria,79,4
2024-03-22,Ward-3,36,COVID-19,48,1
2024-03-22,Ward-7,98,Cholera,25,8
2024-03-23,Ward-6,43,Dengue,36,7
2024-03-23,Ward-8,103,COVID-19,67,2
2024-03-23,Ward-7,85,Typhoid,49,7
2024-03-23,Ward-7,90,Flu,23,8
2024-03-24,Ward-6,34,COVID-19,18,2
2024-03-24,Ward-7,64,Cholera,59,2
2024-03-25,Ward-9,98,Typhoid,38,1
2024-03-26,Ward-3,100,Dengue,73,7
2024-03-27,Ward-2,46,Dengue,17,9
2024-03-28,Ward-7,77,Cholera,18,0
2024-03-29,Ward-9,2,Cholera,35,7
2024-03-29,Ward-6,0,Flu,73,6
2024-03-30,Ward-1,4,Dengue,54,6
2024-03-31,Ward-5,89,Typhoid,68,2
2024-03-31,Ward-6,118,COVID-19,46,0
2024-04-02,Ward-10,13,Typhoid,48,3
2024-04-03,Ward-2,102,Malaria,32,8
2024-04-03,Ward-9,26,Malaria,20,4
2024-04-05,Ward-4,8,Cholera,21,0
2024-04-06,Ward-8,78,Flu,47,4
2024-04-07,Ward-2,14,Malaria,36,7
2024-04-08,Ward-3,89,Dengue,14,7
2024-04-08,Ward-10,41,Typhoid,34,4
2024-04-09,Ward-9,76,Typhoid,70,8
2024-04-09,Ward-4,50,Cholera,31,0
2024-04-10,Ward-5,62,COVID-19,10,3
2024-04-10,Ward-3,95,Cholera,9,2
2024-04-11,Ward-3,102,COVID-19,72,1
2024-04-12,Ward-4,112,Cholera,77,7
2024-04-13,Ward-9,51,Cholera,76,6
2024-04-13,Ward-3,95,Cholera,56,8
2024-04-13,Ward-8,3,COVID-19,24,1
2024-04-15,Ward-4,93,COVID-19,1,3
2024-04-16,Ward-2,100,Cholera,63,5
2024-04-16,Ward-7,22,Malaria,34,2
2024-04-17,Ward-9,102,Flu,6,7
2024-04-18,Ward-7,108,Flu,17,2
2024-04-18,Ward-8,14,Flu,66,1
2024-04-18,Ward-8,42,COVID-19,41,2
2024-04-19,Ward-2,28,COVID-19,38,5
2024-04-19,Ward-7,35,Malaria,40,1
2024-04-19,Ward-1,12,Flu,74,7
2024-04-19,Ward-4,31,Flu,23,0
2024-04-20,Ward-10,70,Cholera,59,6
2024-04-22,Ward-3,58,COVID-19,45,1
2024-04-22,Ward-3,114,Flu,18,9
2024-04-23,Ward-6,85,Typhoid,67,5
2024-04-24,Ward-8,27,Malaria,41,1
2024-04-25,Ward-7,65,Typhoid,31,1
2024-04-25,Ward-6,41,Typhoid,38,9
2024-04-26,Ward-9,44,Malaria,35,7
2024-04-26,Ward-6,61,Typhoid,35,1
2024-04-26,Ward-8,56,Flu,2,6
2024-04-26,Ward-2,116,COVID-19,72,2
2024-04-26,Ward-9,5,Malaria,7,7
2024-04-27,Ward-9,27,Cholera,69,6
2024-04-27,Ward-3,27,Typhoid,40,7
2024-04-28,Ward-9,107,Malaria,67,6
2024-04-28,Ward-4,43,Dengue,12,5
2024-04-28,Ward-4,83,Dengue,48,6
2024-04-29,Ward-10,29,COVID-19,59,4
2024-05-01,Ward-7,61,Flu,1,6
2024-05-01,Ward-2,74,COVID-19,59,0
2024-05-01,Ward-4,118,COVID-19,4,0
2024-05-01,Ward-1,91,COVID-19,43,8
2024-05-02,Ward-1,88,COVID-19,26,4
2024-05-02,Ward-8,102,Cholera,31,4
2024-05-02,Ward-8,61,Cholera,20,2
2024-05-04,Ward-6,96,Malaria,7,4
2024-05-04,Ward-3,0,Dengue,71,2
2024-05-04,Ward-4,26,COVID-19,49,8
2024-05-05,Ward-8,61,Malaria,66,8
2024-05-06,Ward-2,115,Dengue,43,5
2024-05-06,Ward-2,76,Typhoid,57,0
2024-05-06,Ward-6,104,Flu,2,6
2024-05-06,Ward-4,2,Cholera,69,6
2024-05-08,Ward-5,102,Typhoid,1,9
2024-05-08,Ward-10,69,Dengue,43,9
2024-05-08,Ward-3,71,Typhoid,1,3
2024-05-09,Ward-5,26,Flu,34,7
2024-05-10,Ward-1,8,Dengue,29,5
2024-05-10,Ward-5,61,Typhoid,7,3
2024-05-10,Ward-8,36,Cholera,21,3
2024-05-11,Ward-6,96,Cholera,43,1
2024-05-11,Ward-5,50,Malaria,57,1
2024-05-12,Ward-4,105,Typhoid,35,3
2024-05-13,Ward-5,43,COVID-19,68,4
2024-05-14,Ward-3,23,Typhoid,76,7
2024-05-15,Ward-6,78,Dengue,30,5
2024-05-16,Ward-8,58,Dengue,46,3
2024-05-16,Ward-9,117,Typhoid,54,6
2024-05-17,Ward-7,31,Flu,79,7
2024-05-17,Ward-2,95,Cholera,61,1
2024-05-18,Ward-7,87,Dengue,29,6
2024-05-19,Ward-3,104,Cholera,54,1
2024-05-19,Ward-1,51,Dengue,15,1
2024-05-20,Ward-4,112,Malaria,11,7
2024-05-20,Ward-3,61,COVID-19,16,1
2024-05-20,Ward-3,112,Dengue,15,8
2024-05-20,Ward-4,57,Cholera,11,0
2024-05-22,Ward-6,51,Malaria,7,8
2024-05-24,Ward-7,11,Dengue,2,0
2024-05-24,Ward-4,38,Flu,15,9
2024-05-25,Ward-7,1,COVID-19,29,9
2024-05-25,Ward-3,2,Dengue,22,1
2024-05-25,Ward-8,112,Malaria,4,5
2024-05-25,Ward-8,100,Flu,64,5
2024-05-26,Ward-8,112,Typhoid,29,0
2024-05-26,Ward-2,55,Malaria,20,6
2024-05-26,Ward-5,80,Malaria,69,7
2024-05-26,Ward-8,58,Flu,21,1
2024-05-27,Ward-9,112,Malaria,71,7
2024-05-27,Ward-8,1,Flu,31,8
2024-05-28,Ward-5,1,Dengue,32,5
2024-05-29,Ward-1,91,Flu,15,4
2024-05-30,Ward-2,53,Flu,75,8
2024-05-31,Ward-3,86,COVID-19,37,8
2024-05-31,Ward-3,100,Flu,13,0
2024-06-02,Ward-9,95,Flu,35,2
2024-06-03,Ward-3,96,Typhoid,22,8
2024-06-03,Ward-8,0,Dengue,65,1
2024-06-03,Ward-1,18,COVID-19,1,3
2024-06-03,Ward-1,1,Typhoid,72,3
2024-06-04,Ward-7,52,Cholera,64,1
2024-06-04,Ward-5,43,Dengue,74,2
2024-06-05,Ward-9,89,Dengue,66,2
2024-06-05,Ward-4,31,Cholera,51,0
2024-06-06,Ward-5,69,Flu,61,5
2024-06-06,Ward-7,31,Typhoid,22,7
2024-06-06,Ward-3,118,Malaria,25,2
2024-06-07,Ward-9,67,COVID-19,67,4
2024-06-08,Ward-6,54,Malaria,54,0
2024-06-09,Ward-10,74,Cholera,5,9
2024-06-09,Ward-1,55,Dengue,34,6
2024-06-09,Ward-4,16,Dengue,21,9
2024-06-09,Ward-8,37,COVID-19,42,0
2024-06-10,Ward-10,23,Dengue,14,8
2024-06-10,Ward-3,68,Dengue,59,7
2024-06-11,Ward-7,115,COVID-19,11,6
2024-06-11,Ward-1,97,Typhoid,48,9
2024-06-11,Ward-10,69,Typhoid,41,6
2024-06-12,Ward-6,85,COVID-19,37,4
2024-06-14,Ward-1,10,Cholera,44,4
2024-06-15,Ward-6,111,Dengue,34,4
2024-06-16,Ward-8,15,Dengue,29,0
2024-06-16,Ward-3,96,Cholera,29,7
2024-06-17,Ward-1,72,Typhoid,77,0
2024-06-17,Ward-8,58,Flu,5,3
2024-06-18,Ward-8,69,Flu,66,8
2024-06-18,Ward-2,79,Flu,79,8
2024-06-19,Ward-6,92,Typhoid,6,4
2024-06-19,Ward-7,2,Typhoid,51,3
2024-06-19,Ward-6,19,Cholera,13,2
2024-06-20,Ward-7,58,Dengue,72,2
2024-06-20,Ward-9,35,Cholera,14,4
2024-06-20,Ward-4,18,Cholera,20,9
2024-06-21,Ward-1,89,Typhoid,34,0
2024-06-22,Ward-3,66,Flu,65,4
2024-06-23,Ward-1,18,Malaria,1,5
2024-06-26,Ward-7,19,Dengue,34,6
2024-06-26,Ward-4,95,Typhoid,77,8
2024-06-26,Ward-1,70,Flu,19,2
2024-06-26,Ward-7,51,Malaria,9,1
2024-06-27,Ward-8,104,Malaria,24,2
2024-06-27,Ward-3,32,Typhoid,65,8
2024-06-27,Ward-8,39,COVID-19,24,6
2024-06-28,Ward-4,38,Dengue,53,8
2024-06-28,Ward-2,81,Malaria,32,1
2024-06-28,Ward-1,103,Typhoid,35,4
2024-06-29,Ward-7,0,Typhoid,13,3
2024-06-29,Ward-8,10,Flu,64,1
2024-06-29,Ward-7,91,COVID-19,79,8
2024-06-30,Ward-4,56,Dengue,53,8
2024-06-30,Ward-3,88,Cholera,51,5
2024-07-01,Ward-9,49,Flu,2,5
2024-07-01,Ward-1,22,Malaria,40,7
2024-07-03,Ward-9,30,Malaria,5,5
2024-07-03,Ward-5,93,Flu,24,0
2024-07-03,Ward-7,41,Typhoid,12,3
2024-07-04,Ward-6,98,Malaria,7,6
2024-07-05,Ward-2,6,COVID-19,20,1
2024-07-05,Ward-7,15,Dengue,67,8
2024-07-05,Ward-3,89,COVID-19,24,7
2024-07-05,Ward-1,111,Malaria,78,7
2024-07-06,Ward-9,115,Cholera,67,6
2024-07-06,Ward-4,59,Dengue,44,3
2024-07-06,Ward-6,112,Dengue,59,1
2024-07-07,Ward-2,1,Flu,11,2
2024-07-08,Ward-3,0,Flu,31,5
2024-07-08,Ward-8,47,Cholera,12,4
2024-07-08,Ward-6,11,Typhoid,30,7
2024-07-09,Ward-7,68,Dengue,77,5
2024-07-10,Ward-5,36,Cholera,19,5
2024-07-10,Ward-5,31,Flu,17,0
2024-07-11,Ward-3,118,Flu,59,3
2024-07-11,Ward-1,8,Dengue,62,4
2024-07-12,Ward-1,104,COVID-19,5,2
2024-07-14,Ward-1,98,Malaria,31,8
2024-07-14,Ward-8,18,Flu,42,0
2024-07-14,Ward-1,47,Typhoid,1,5
2024-07-14,Ward-10,79,Typhoid,59,5
2024-07-16,Ward-1,2,Flu,22,9
2024-07-16,Ward-10,19,COVID-19,30,4
2024-07-16,Ward-7,23,COVID-19,4,4
2024-07-16,Ward-10,53,Cholera,33,9
2024-07-16,Ward-8,119,Typhoid,9,4
2024-07-16,Ward-6,32,Cholera,1,5
2024-07-16,Ward-2,23,Typhoid,10,7
2024-07-17,Ward-8,115,Malaria,49,1
2024-07-17,Ward-1,74,Malaria,30,5
2024-07-17,Ward-10,112,Dengue,55,0
2024-07-18,Ward-8,71,Cholera,78,3
2024-07-18,Ward-3,35,Flu,72,9
2024-07-20,Ward-8,37,Cholera,8,2
2024-07-20,Ward-9,103,Flu,20,8
2024-07-21,Ward-5,83,COVID-19,72,2
2024-07-21,Ward-10,98,Cholera,27,5
2024-07-21,Ward-5,111,COVID-19,61,0
2024-07-21,Ward-8,88,Malaria,6,5
2024-07-22,Ward-8,98,Malaria,79,3
2024-07-22,Ward-3,24,Dengue,15,7
2024-07-23,Ward-3,92,Cholera,3,8
2024-07-24,Ward-10,17,COVID-19,3,3
2024-07-24,Ward-8,109,Flu,39,9
2024-07-25,Ward-6,81,Malaria,16,9
2024-07-25,Ward-10,65,Malaria,51,5
2024-07-25,Ward-5,53,Flu,51,0
2024-07-26,Ward-6,34,COVID-19,35,3
2024-07-26,Ward-6,79,COVID-19,37,6
2024-07-26,Ward-8,60,Cholera,49,0
2024-07-27,Ward-6,40,Cholera,62,7
2024-07-27,Ward-3,99,Typhoid,62,9
2024-07-27,Ward-5,32,Typhoid,61,5
2024-07-29,Ward-10,67,Dengue,6,4
2024-07-30,Ward-2,32,Malaria,26,9
2024-07-30,Ward-2,13,Cholera,13,8
2024-07-31,Ward-1,20,COVID-19,70,1
2024-07-31,Ward-1,47,Flu,4,4
2024-08-01,Ward-8,19,COVID-19,54,5
2024-08-01,Ward-7,119,Malaria,1,6
2024-08-03,Ward-8,7,Typhoid,61,4
2024-08-03,Ward-8,6,COVID-19,20,8
2024-08-04,Ward-6,66,Dengue,78,0
2024-08-05,Ward-5,16,Malaria,20,6
2024-08-05,Ward-7,32,Typhoid,9,9
2024-08-06,Ward-9,47,Flu,57,6
2024-08-07,Ward-3,75,Typhoid,38,3
2024-08-07,Ward-10,58,Dengue,4,8
2024-08-07,Ward-3,114,Malaria,64,4
2024-08-11,Ward-6,85,Flu,12,3
2024-08-11,Ward-4,118,Dengue,52,6
2024-08-12,Ward-8,21,Typhoid,44,3
2024-08-12,Ward-10,109,Dengue,31,2
2024-08-12,Ward-9,29,Malaria,35,8
2024-08-13,Ward-7,37,Cholera,59,7
2024-08-14,Ward-5,101,Dengue,10,0
2024-08-15,Ward-7,108,Dengue,62,6
2024-08-15,Ward-4,50,Typhoid,20,8
2024-08-15,Ward-6,53,Typhoid,51,7
2024-08-16,Ward-5,7,Flu,54,7
2024-08-16,Ward-6,26,Typhoid,25,5
2024-08-16,Ward-6,26,COVID-19,67,3
2024-08-16,Ward-2,97,Malaria,33,7
2024-08-17,Ward-1,20,Malaria,51,2
2024-08-17,Ward-2,29,Cholera,51,8
2024-08-18,Ward-7,96,Cholera,28,1
2024-08-18,Ward-4,27,Malaria,37,1
2024-08-19,Ward-1,110,Cholera,41,6
2024-08-19,Ward-7,63,Flu,20,9
2024-08-20,Ward-8,96,Typhoid,41,3
2024-08-21,Ward-5,68,Malaria,12,9
2024-08-21,Ward-5,60,Cholera,63,7
2024-08-22,Ward-9,47,Malaria,16,8
2024-08-23,Ward-1,18,COVID-19,8,6
2024-08-23,Ward-8,3,Dengue,40,4
2024-08-25,Ward-2,34,Typhoid,0,7
2024-08-27,Ward-8,63,Malaria,1,3
2024-08-27,Ward-9,48,Dengue,59,1
2024-08-27,Ward-4,16,Cholera,47,5
2024-08-27,Ward-1,43,Dengue,28,8
2024-08-28,Ward-7,91,Typhoid,9,0
2024-08-29,Ward-6,29,Malaria,57,9
2024-08-29,Ward-5,92,COVID-19,59,6
2024-08-30,Ward-8,45,Cholera,20,9
2024-08-30,Ward-4,116,Malaria,27,8
2024-08-31,Ward-2,5,Typhoid,74,9
2024-08-31,Ward-3,98,Cholera,33,8
2024-09-01,Ward-1,104,Flu,7,9
2024-09-02,Ward-7,36,Dengue,58,2
2024-09-02,Ward-9,23,Typhoid,71,4
2024-09-03,Ward-3,92,Flu,48,7
2024-09-05,Ward-8,112,Malaria,78,7
2024-09-05,Ward-9,45,COVID-19,16,3
2024-09-06,Ward-5,52,Cholera,59,0
2024-09-07,Ward-9,94,Dengue,44,0
2024-09-07,Ward-7,98,Cholera,68,3
2024-09-08,Ward-10,59,Malaria,31,5
2024-09-08,Ward-10,96,Cholera,43,7
2024-09-09,Ward-5,115,Dengue,64,5
2024-09-09,Ward-3,62,Malaria,7,8
2024-09-10,Ward-9,84,Cholera,76,8
2024-09-10,Ward-5,31,COVID-19,71,1
2024-09-11,Ward-8,86,Typhoid,42,9
2024-09-11,Ward-6,32,Malaria,0,0
2024-09-11,Ward-3,66,Typhoid,50,1
2024-09-11,Ward-2,17,Malaria,23,4
2024-09-12,Ward-2,24,COVID-19,23,3
2024-09-12,Ward-9,105,Typhoid,16,3
2024-09-13,Ward-4,94,Flu,4,8
2024-09-13,Ward-4,53,Dengue,19,7
2024-09-13,Ward-9,57,Flu,20,5
2024-09-13,Ward-9,66,Cholera,57,0
2024-09-13,Ward-10,103,COVID-19,30,1
2024-09-14,Ward-2,45,Flu,10,5
2024-09-15,Ward-10,23,Malaria,51,1
2024-09-15,Ward-10,113,Cholera,14,9
2024-09-15,Ward-1,31,Cholera,6,4
2024-09-16,Ward-9,46,Flu,27,4
2024-09-16,Ward-2,85,Flu,50,5
2024-09-17,Ward-2,22,COVID-19,57,5
2024-09-17,Ward-3,65,Dengue,4,5
2024-09-17,Ward-8,26,Flu,4,1
2024-09-17,Ward-8,105,Flu,7,9
2024-09-18,Ward-4,1,Typhoid,63,2
2024-09-18,Ward-8,89,Malaria,9,5
2024-09-19,Ward-4,16,Typhoid,37,7
2024-09-20,Ward-6,103,Typhoid,7,0
2024-09-20,Ward-6,32,Cholera,24,0
2024-09-21,Ward-7,8,Dengue,72,1
2024-09-21,Ward-3,42,Malaria,65,5
2024-09-22,Ward-1,117,COVID-19,78,8
2024-09-22,Ward-3,47,COVID-19,49,3
2024-09-22,Ward-6,38,Flu,66,2
2024-09-22,Ward-8,92,Flu,48,7
2024-09-23,Ward-9,41,COVID-19,35,9
2024-09-25,Ward-1,118,Flu,67,8
2024-09-25,Ward-6,25,Dengue,77,4
2024-09-25,Ward-8,98,Typhoid,40,8
2024-09-25,Ward-8,49,Flu,61,1
2024-09-25,Ward-7,24,Cholera,9,2
2024-09-25,Ward-10,23,Flu,20,6
2024-09-26,Ward-1,12,Malaria,35,6
2024-09-26,Ward-4,59,Dengue,11,5
2024-09-28,Ward-5,6,Malaria,1,5
2024-09-28,Ward-3,56,Malaria,12,1
2024-09-28,Ward-8,35,Cholera,52,9
2024-09-29,Ward-6,44,Dengue,31,5
2024-09-29,Ward-10,19,Dengue,15,3
2024-09-30,Ward-7,64,Dengue,31,2
2024-09-30,Ward-3,7,Dengue,31,1
2024-09-30,Ward-10,109,Dengue,10,0
2024-09-30,Ward-3,15,Cholera,9,4
2024-10-02,Ward-8,13,Flu,14,1
2024-10-02,Ward-5,75,Malaria,16,1
2024-10-03,Ward-5,114,Dengue,39,6
2024-10-03,Ward-4,86,Flu,17,7
2024-10-04,Ward-10,14,Flu,54,9
2024-10-05,Ward-8,91,Malaria,72,7
2024-10-05,Ward-2,97,Cholera,24,3
2024-10-06,Ward-1,65,COVID-19,58,0
2024-10-07,Ward-6,31,COVID-19,77,6
2024-10-08,Ward-4,86,Flu,21,0
2024-10-09,Ward-1,62,Typhoid,29,3
2024-10-09,Ward-9,85,Typhoid,43,7
2024-10-11,Ward-3,50,Malaria,31,1
2024-10-11,Ward-2,24,COVID-19,50,5
2024-10-11,Ward-9,57,Flu,45,5
2024-10-11,Ward-7,62,Cholera,20,8
2024-10-12,Ward-1,61,COVID-19,31,4
2024-10-13,Ward-2,21,Flu,38,9
2024-10-14,Ward-2,57,Flu,11,3
2024-10-14,Ward-8,57,Dengue,46,4
2024-10-14,Ward-10,85,Cholera,17,9
2024-10-15,Ward-3,48,Dengue,20,4
2024-10-16,Ward-7,51,Malaria,12,7
2024-10-16,Ward-8,41,Dengue,20,9
2024-10-16,Ward-9,69,Dengue,7,7
2024-10-17,Ward-4,14,COVID-19,45,1
2024-10-17,Ward-10,53,Typhoid,6,6
2024-10-17,Ward-2,106,Flu,22,7
2024-10-17,Ward-1,59,Cholera,74,5
2024-10-17,Ward-5,100,Dengue,21,4
2024-10-18,Ward-8,96,Cholera,21,8
2024-10-18,Ward-1,7,Typhoid,28,2
2024-10-18,Ward-8,52,Typhoid,12,9
2024-10-19,Ward-1,59,Dengue,1,3
2024-10-20,Ward-8,107,Malaria,28,8
2024-10-20,Ward-2,107,Dengue,78,5
2024-10-21,Ward-7,4,COVID-19,51,7
2024-10-21,Ward-2,102,Flu,26,6
2024-10-22,Ward-10,67,Malaria,49,1
2024-10-22,Ward-2,5,Dengue,78,2
2024-10-23,Ward-4,108,Cholera,22,0
2024-10-23,Ward-1,95,Malaria,43,8
2024-10-23,Ward-5,115,Malaria,76,6
2024-10-24,Ward-1,93,Dengue,21,0
2024-10-25,Ward-9,46,Malaria,42,2
2024-10-25,Ward-5,98,Cholera,36,3
2024-10-26,Ward-7,54,Typhoid,60,3
2024-10-26,Ward-3,39,Malaria,55,4
2024-10-26,Ward-3,51,Typhoid,2,2
2024-10-26,Ward-6,15,Cholera,62,2
2024-10-27,Ward-5,12,Dengue,18,0
2024-10-27,Ward-5,113,Flu,22,6
2024-10-29,Ward-10,105,Malaria,28,9
2024-10-29,Ward-5,29,Flu,29,0
2024-10-30,Ward-3,18,Cholera,38,1
2024-10-31,Ward-1,16,Malaria,24,3
2024-11-02,Ward-8,119,Typhoid,7,3
2024-11-02,Ward-3,62,COVID-19,57,4
2024-11-02,Ward-6,18,Flu,15,1
2024-11-05,Ward-10,91,Malaria,71,3
2024-11-05,Ward-3,57,Flu,0,0
2024-11-05,Ward-1,54,Malaria,4,1
2024-11-05,Ward-5,89,Dengue,2,0
2024-11-05,Ward-3,100,Typhoid,64,9
2024-11-08,Ward-1,89,Flu,3,9
2024-11-09,Ward-8,116,COVID-19,63,3
2024-11-10,Ward-8,61,COVID-19,9,3
2024-11-10,Ward-8,22,Cholera,20,6
2024-11-13,Ward-10,8,Malaria,45,9
2024-11-14,Ward-7,11,Flu,26,8
2024-11-14,Ward-9,116,Cholera,65,8
2024-11-15,Ward-5,0,Flu,40,4
2024-11-16,Ward-7,57,Malaria,12,9
2024-11-16,Ward-2,0,COVID-19,8,0
2024-11-17,Ward-9,110,Dengue,35,0
2024-11-18,Ward-8,33,COVID-19,57,5
2024-11-18,Ward-9,95,Cholera,53,1
2024-11-18,Ward-7,117,Typhoid,11,7
2024-11-18,Ward-2,47,Dengue,77,8
2024-11-20,Ward-3,88,Cholera,13,3
2024-11-20,Ward-6,103,Malaria,33,4
2024-11-22,Ward-1,108,Dengue,52,7
2024-11-22,Ward-6,116,Cholera,19,2
2024-11-23,Ward-6,0,Malaria,74,4
2024-11-23,Ward-7,15,COVID-19,15,2
2024-11-26,Ward-10,60,Typhoid,69,9
2024-11-26,Ward-10,102,Malaria,55,2
2024-11-26,Ward-5,63,Flu,57,2
2024-11-26,Ward-6,62,Malaria,3,6
2024-11-27,Ward-6,68,Malaria,3,6
2024-11-27,Ward-9,21,Typhoid,19,6
2024-11-27,Ward-5,92,Flu,9,9
2024-11-28,Ward-3,118,Cholera,23,7
2024-12-01,Ward-3,66,Cholera,25,4
2024-12-01,Ward-3,75,Malaria,36,4
2024-12-02,Ward-8,25,Flu,53,3
2024-12-03,Ward-8,15,Flu,20,6
2024-12-03,Ward-2,50,Typhoid,73,9
2024-12-04,Ward-7,100,COVID-19,37,3
2024-12-04,Ward-7,85,Cholera,45,1
2024-12-05,Ward-7,56,Typhoid,3,3
2024-12-06,Ward-8,28,Dengue,59,7
2024-12-07,Ward-5,77,Cholera,56,8
2024-12-07,Ward-10,91,Typhoid,44,2
2024-12-08,Ward-10,68,Cholera,19,6
2024-12-08,Ward-2,46,COVID-19,16,8
2024-12-10,Ward-9,112,Dengue,70,3
2024-12-12,Ward-3,93,COVID-19,3,9
2024-12-13,Ward-8,109,Dengue,13,2
2024-12-14,Ward-1,61,Malaria,2,4
2024-12-14,Ward-7,115,Typhoid,79,0
2024-12-15,Ward-3,68,Dengue,57,2
2024-12-15,Ward-1,75,COVID-19,54,7
2024-12-15,Ward-1,15,Cholera,3,7
2024-12-16,Ward-1,89,Dengue,23,3
2024-12-17,Ward-1,89,Typhoid,33,1
2024-12-17,Ward-2,47,Dengue,29,7
2024-12-17,Ward-5,84,Flu,18,7
2024-12-17,Ward-6,38,Cholera,30,9
2024-12-18,Ward-8,99,Typhoid,59,3
2024-12-18,Ward-2,32,Typhoid,59,2
2024-12-18,Ward-6,93,Malaria,18,1
2024-12-19,Ward-3,100,COVID-19,48,8
2024-12-19,Ward-1,22,Malaria,62,0
2024-12-20,Ward-5,9,Typhoid,21,6
2024-12-20,Ward-3,117,Cholera,23,4
2024-12-21,Ward-9,68,Dengue,75,7
2024-12-21,Ward-8,99,Dengue,29,3
2024-12-23,Ward-8,33,Cholera,57,6
2024-12-23,Ward-6,51,Typhoid,30,4
2024-12-23,Ward-2,94,Dengue,63,4
2024-12-23,Ward-10,9,Dengue,18,8
2024-12-23,Ward-9,18,Dengue,47,8
2024-12-24,Ward-7,57,COVID-19,44,8
2024-12-24,Ward-2,95,COVID-19,54,5
2024-12-24,Ward-9,0,Flu,54,5
2024-12-24,Ward-7,119,Malaria,17,4
2024-12-25,Ward-8,68,Cholera,62,8
2024-12-26,Ward-8,108,Cholera,46,9
2024-12-27,Ward-4,3,Cholera,74,7
2024-12-27,Ward-7,15,Flu,56,6
2024-12-27,Ward-1,23,COVID-19,44,6
2024-12-27,Ward-2,79,Typhoid,32,5
2024-12-28,Ward-2,118,Typhoid,16,4
2024-12-30,Ward-6,1,Flu,69,3
2024-12-30,Ward-9,112,Typhoid,3,2
2024-12-31,Ward-1,91,Cholera,19,2
2025-01-01,Ward-7,31,Malaria,46,5
2025-01-01,Ward-2,90,Dengue,14,3
2025-01-02,Ward-6,83,COVID-19,69,5
2025-01-04,Ward-4,23,COVID-19,46,2
2025-01-04,Ward-1,11,Flu,77,3
2025-01-04,Ward-1,49,COVID-19,74,8
2025-01-05,Ward-9,34,Cholera,8,4
2025-01-06,Ward-2,32,Typhoid,15,6
2025-01-06,Ward-3,32,Cholera,68,9
2025-01-07,Ward-3,60,Flu,60,1
2025-01-08,Ward-3,50,Cholera,9,4
2025-01-08,Ward-4,42,Typhoid,49,8
2025-01-08,Ward-4,100,Malaria,2,2
2025-01-08,Ward-9,11,Flu,76,8
2025-01-08,Ward-8,66,Malaria,69,5
2025-01-08,Ward-5,64,Dengue,50,3
2025-01-08,Ward-2,32,Malaria,18,6
2025-01-09,Ward-6,39,Dengue,41,7
2025-01-09,Ward-1,73,Dengue,34,5
2025-01-10,Ward-9,42,Malaria,45,4
2025-01-10,Ward-6,43,Flu,25,5
2025-01-11,Ward-9,28,Typhoid,68,4
2025-01-11,Ward-2,12,Cholera,63,7
2025-01-11,Ward-10,11,Cholera,36,0
2025-01-12,Ward-1,94,Typhoid,48,6
2025-01-13,Ward-3,45,Dengue,20,9
2025-01-13,Ward-4,1,Dengue,73,9
2025-01-13,Ward-3,114,Flu,63,1
2025-01-15,Ward-2,113,COVID-19,4,8
2025-01-15,Ward-1,34,Malaria,69,0
2025-01-15,Ward-9,86,Dengue,3,9
2025-01-16,Ward-6,80,Cholera,38,5
2025-01-17,Ward-6,89,Flu,34,8
2025-01-19,Ward-4,7,Malaria,0,0
2025-01-20,Ward-5,92,Flu,23,3
2025-01-20,Ward-9,25,Malaria,56,3
2025-01-21,Ward-7,73,Malaria,69,8
2025-01-21,Ward-4,89,Typhoid,40,4
2025-01-21,Ward-3,33,Dengue,53,4
2025-01-21,Ward-8,114,Flu,45,5
2025-01-22,Ward-4,104,Flu,59,0
2025-01-22,Ward-1,6,Typhoid,59,0
2025-01-22,Ward-9,67,Cholera,56,8
2025-01-22,Ward-9,57,Cholera,30,2
2025-01-22,Ward-10,116,Dengue,23,3
2025-01-22,Ward-4,113,Dengue,35,0
2025-01-23,Ward-6,108,COVID-19,29,8
2025-01-23,Ward-10,74,Typhoid,23,7
2025-01-23,Ward-2,28,Cholera,29,1
2025-01-24,Ward-5,119,Malaria,6,7
2025-01-24,Ward-3,35,Flu,34,6
2025-01-25,Ward-7,88,Dengue,54,5
2025-01-25,Ward-7,20,Flu,13,0
2025-01-26,Ward-4,35,Flu,9,6
2025-01-26,Ward-10,9,COVID-19,79,9
2025-01-27,Ward-10,100,Cholera,15,6
2025-01-27,Ward-3,72,Dengue,53,8
2025-01-27,Ward-1,23,Flu,76,0
2025-01-28,Ward-6,63,Dengue,69,1
2025-01-28,Ward-8,98,Malaria,43,8
2025-01-28,Ward-2,48,COVID-19,72,8
2025-01-28,Ward-8,98,Malaria,44,5
2025-01-29,Ward-9,111,Dengue,55,5
2025-01-29,Ward-6,35,Dengue,56,3
2025-01-29,Ward-1,81,Cholera,20,3
2025-01-30,Ward-5,112,Flu,67,4
2025-01-31,Ward-6,102,Flu,49,2
2025-02-01,Ward-7,95,Malaria,32,0
2025-02-01,Ward-6,23,COVID-19,6,0
2025-02-01,Ward-6,22,Typhoid,69,6
2025-02-01,Ward-4,61,Flu,14,0
2025-02-02,Ward-8,95,Cholera,31,0
2025-02-03,Ward-3,36,Malaria,74,2
2025-02-03,Ward-8,11,Malaria,19,9
2025-02-04,Ward-2,112,Typhoid,14,3
2025-02-05,Ward-1,54,Cholera,47,3
2025-02-05,Ward-6,12,COVID-19,70,1
2025-02-05,Ward-1,22,Cholera,20,0
2025-02-06,Ward-10,88,COVID-19,41,2
2025-02-07,Ward-7,98,Cholera,25,3
2025-02-07,Ward-5,104,Cholera,13,2
2025-02-07,Ward-7,29,Dengue,56,7
2025-02-07,Ward-7,16,Malaria,36,9
2025-02-08,Ward-2,112,Cholera,57,0
2025-02-08,Ward-8,61,Typhoid,20,1
2025-02-08,Ward-8,83,Cholera,68,6
2025-02-09,Ward-10,111,Flu,2,3
2025-02-09,Ward-9,88,Malaria,36,7
2025-02-10,Ward-10,85,Flu,48,2
2025-02-10,Ward-2,12,Malaria,18,5
2025-02-11,Ward-3,58,Flu,11,8
2025-02-11,Ward-8,18,Cholera,60,0
2025-02-12,Ward-8,48,Cholera,40,0
2025-02-12,Ward-3,99,Dengue,32,7
2025-02-14,Ward-9,11,Typhoid,49,2
2025-02-14,Ward-2,60,Flu,67,4
2025-02-15,Ward-4,104,COVID-19,70,0
2025-02-15,Ward-1,18,Dengue,32,4
2025-02-15,Ward-8,75,Flu,23,5
2025-02-16,Ward-1,8,Flu,60,7
2025-02-17,Ward-5,70,Dengue,60,2
2025-02-18,Ward-7,27,Cholera,27,2
2025-02-18,Ward-4,77,Flu,57,9
2025-02-19,Ward-9,94,Cholera,42,8
2025-02-19,Ward-7,51,Dengue,40,3
2025-02-19,Ward-8,82,Cholera,38,3
2025-02-20,Ward-5,110,Malaria,48,6
2025-02-20,Ward-1,15,COVID-19,16,1
2025-02-20,Ward-7,116,Flu,69,7
2025-02-20,Ward-2,68,Typhoid,69,5
2025-02-21,Ward-2,98,COVID-19,64,2
2025-02-23,Ward-3,11,Cholera,73,8
2025-02-23,Ward-8,24,Flu,4,4
2025-02-24,Ward-8,51,Cholera,1,7
2025-02-25,Ward-8,84,Malaria,21,6
2025-02-26,Ward-3,99,Dengue,56,7
2025-02-27,Ward-2,52,Flu,65,6
2025-02-27,Ward-10,22,Malaria,73,2
2025-03-01,Ward-3,15,Malaria,15,1
2025-03-01,Ward-1,56,Flu,50,6
2025-03-02,Ward-8,38,Cholera,38,2
2025-03-02,Ward-9,108,Typhoid,75,2
2025-03-02,Ward-5,52,Malaria,39,1
2025-03-02,Ward-1,41,COVID-19,37,3
2025-03-03,Ward-5,57,Malaria,59,7
2025-03-03,Ward-7,38,Typhoid,58,0
2025-03-03,Ward-5,13,Cholera,9,0
2025-03-03,Ward-1,94,Cholera,63,4
2025-03-05,Ward-7,4,COVID-19,62,4
2025-03-05,Ward-2,34,Malaria,48,0
2025-03-05,Ward-5,86,Cholera,63,5
2025-03-06,Ward-3,92,Typhoid,31,0
2025-03-06,Ward-6,106,Flu,6,4
2025-03-06,Ward-4,74,Dengue,20,8
2025-03-07,Ward-2,17,Dengue,19,4
2025-03-07,Ward-5,110,Dengue,25,5
2025-03-08,Ward-9,75,Malaria,67,7
2025-03-08,Ward-1,8,COVID-19,14,0
2025-03-09,Ward-5,73,Cholera,78,1
2025-03-10,Ward-1,57,Flu,13,8
2025-03-10,Ward-8,107,Typhoid,26,2
2025-03-12,Ward-4,16,Flu,39,5
2025-03-12,Ward-7,101,Typhoid,57,4
2025-03-12,Ward-9,6,Malaria,27,1
2025-03-12,Ward-3,45,Dengue,25,6
2025-03-12,Ward-4,12,Malaria,62,3
2025-03-13,Ward-9,39,COVID-19,65,0
2025-03-14,Ward-3,41,COVID-19,24,3
2025-03-14,Ward-1,8,Typhoid,2,5
2025-03-14,Ward-2,49,Cholera,71,6
2025-03-15,Ward-9,26,Cholera,43,6
2025-03-15,Ward-2,65,Typhoid,41,6
2025-03-17,Ward-6,4,COVID-19,5,2
2025-03-17,Ward-6,28,COVID-19,38,5
2025-03-18,Ward-9,36,COVID-19,51,7
2025-03-19,Ward-5,37,Malaria,22,3
2025-03-20,Ward-8,82,COVID-19,49,7
2025-03-22,Ward-1,7,Flu,42,1
2025-03-22,Ward-5,111,Dengue,18,9
2025-03-23,Ward-6,108,COVID-19,68,8
2025-03-23,Ward-5,64,Typhoid,50,8
2025-03-23,Ward-2,85,Dengue,10,7
2025-03-23,Ward-6,115,Malaria,11,9
2025-03-24,Ward-5,16,Typhoid,73,9
2025-03-25,Ward-9,70,Dengue,7,0
2025-03-27,Ward-5,88,Typhoid,23,1
2025-03-27,Ward-2,44,Malaria,40,5
2025-03-27,Ward-1,3,Flu,35,9
2025-03-27,Ward-5,35,Malaria,71,4
2025-03-28,Ward-6,69,Malaria,54,8
2025-03-28,Ward-2,30,Typhoid,8,4
2025-03-29,Ward-4,18,Cholera,46,1
2025-03-29,Ward-3,60,COVID-19,14,9
2025-03-30,Ward-4,107,COVID-19,47,3
2025-03-30,Ward-3,53,Flu,41,8
2025-03-30,Ward-7,38,Flu,59,0
2025-03-30,Ward-2,90,COVID-19,69,0
2025-03-31,Ward-4,73,Cholera,11,6
2025-04-02,Ward-10,89,COVID-19,1,2
2025-04-02,Ward-2,18,Cholera,6,9
2025-04-03,Ward-5,38,Flu,79,1
2025-04-03,Ward-9,66,Dengue,2,8
2025-04-03,Ward-6,44,Typhoid,2,2
2025-04-03,Ward-2,12,Flu,26,1
2025-04-05,Ward-9,113,Flu,39,7
2025-04-05,Ward-5,91,Malaria,32,9
2025-04-05,Ward-2,57,Malaria,0,5
2025-04-05,Ward-2,19,Malaria,7,5
2025-04-05,Ward-1,91,Typhoid,31,9
2025-04-06,Ward-2,71,Malaria,47,6
2025-04-06,Ward-5,60,Cholera,3,6
2025-04-07,Ward-6,104,COVID-19,69,5
2025-04-08,Ward-9,38,Dengue,18,3
2025-04-09,Ward-8,0,Flu,31,8
2025-04-09,Ward-3,2,Cholera,8,5
2025-04-10,Ward-10,76,Dengue,11,3
2025-04-11,Ward-3,91,Cholera,10,2
2025-04-11,Ward-1,61,Cholera,45,3
2025-04-11,Ward-10,62,Flu,15,2
2025-04-12,Ward-5,112,COVID-19,0,1
2025-04-12,Ward-1,24,Malaria,62,4
2025-04-12,Ward-2,55,Typhoid,20,1
2025-04-12,Ward-9,32,COVID-19,29,5
2025-04-13,Ward-6,37,Typhoid,12,2
2025-04-13,Ward-4,116,Flu,33,5
2025-04-14,Ward-5,5,Flu,3,9
2025-04-14,Ward-3,57,Flu,27,8
2025-04-14,Ward-2,43,Dengue,58,0
2025-04-14,Ward-9,44,Typhoid,26,5
2025-04-15,Ward-3,31,COVID-19,68,8
2025-04-15,Ward-4,44,COVID-19,24,3
2025-04-15,Ward-5,60,Cholera,2,1
2025-04-16,Ward-5,46,Cholera,67,3
2025-04-16,Ward-10,20,Cholera,24,0
2025-04-17,Ward-1,79,Flu,19,2
2025-04-17,Ward-10,117,COVID-19,33,9
2025-04-19,Ward-4,84,Typhoid,25,8
2025-04-19,Ward-7,74,Flu,4,9
2025-04-20,Ward-6,100,Dengue,60,4
2025-04-21,Ward-7,35,Cholera,8,5
2025-04-21,Ward-8,98,Flu,49,2
2025-04-21,Ward-4,18,Flu,5,4
2025-04-21,Ward-6,19,Dengue,59,7
2025-04-22,Ward-7,56,Malaria,43,5
2025-04-23,Ward-10,17,COVID-19,10,3
2025-04-24,Ward-8,46,Typhoid,65,1
2025-04-25,Ward-2,104,Malaria,46,8
2025-04-26,Ward-5,48,Cholera,72,0
2025-04-26,Ward-6,13,Flu,2,0
2025-04-27,Ward-10,14,Dengue,75,3
2025-04-28,Ward-7,30,Dengue,29,6
2025-04-29,Ward-4,0,COVID-19,20,0
2025-04-29,Ward-5,116,Malaria,27,8
2025-04-30,Ward-2,53,COVID-19,61,3
2025-04-30,Ward-6,117,Flu,32,2
2025-05-01,Ward-4,2,COVID-19,34,0
2025-05-02,Ward-2,15,Typhoid,51,9
2025-05-02,Ward-2,86,Dengue,33,3
2025-05-02,Ward-8,56,Dengue,40,8
2025-05-03,Ward-8,74,Cholera,50,9
2025-05-03,Ward-9,11,Cholera,46,5
2025-05-04,Ward-10,73,Flu,57,5
2025-05-04,Ward-4,95,Typhoid,74,0
2025-05-04,Ward-7,15,Malaria,56,9
2025-05-04,Ward-3,71,COVID-19,22,1
2025-05-05,Ward-8,101,Flu,47,5
2025-05-05,Ward-6,75,Cholera,21,1
2025-05-05,Ward-10,23,COVID-19,16,2
2025-05-07,Ward-3,27,Cholera,68,3
2025-05-07,Ward-9,116,COVID-19,10,4
2025-05-07,Ward-4,7,Malaria,14,8
2025-05-08,Ward-3,91,Flu,34,3
2025-05-08,Ward-1,35,COVID-19,32,8
2025-05-08,Ward-1,89,Typhoid,15,9
2025-05-09,Ward-7,7,Dengue,33,2
2025-05-09,Ward-1,57,Typhoid,65,7
2025-05-10,Ward-3,59,Typhoid,39,0
2025-05-10,Ward-1,49,Dengue,27,8
2025-05-10,Ward-9,27,Typhoid,46,8
2025-05-11,Ward-4,91,COVID-19,38,9
2025-05-11,Ward-6,100,COVID-19,69,1
2025-05-12,Ward-6,40,COVID-19,72,3
2025-05-12,Ward-1,99,Dengue,19,7
2025-05-12,Ward-8,63,Typhoid,0,6
2025-05-13,Ward-6,26,Dengue,71,0
2025-05-14,Ward-3,117,COVID-19,62,4
2025-05-14,Ward-6,62,Typhoid,66,6
2025-05-15,Ward-4,16,Typhoid,3,3
2025-05-15,Ward-4,72,Cholera,57,0
2025-05-15,Ward-8,32,Cholera,24,8
2025-05-15,Ward-5,116,Malaria,46,4
2025-05-15,Ward-2,83,Flu,37,1
2025-05-15,Ward-5,76,Cholera,14,7
2025-05-16,Ward-5,91,Dengue,62,1
2025-05-16,Ward-10,111,Cholera,20,2
2025-05-17,Ward-5,28,Malaria,56,9
2025-05-19,Ward-6,12,Typhoid,52,0
2025-05-20,Ward-10,45,Malaria,45,1
2025-05-21,Ward-1,34,Typhoid,13,6
2025-05-22,Ward-8,5,Typhoid,75,9
2025-05-22,Ward-1,81,Flu,16,1
2025-05-23,Ward-5,114,Cholera,38,5
2025-05-23,Ward-7,68,Dengue,8,2
2025-05-24,Ward-4,46,Dengue,76,3
2025-05-24,Ward-2,24,COVID-19,78,7
2025-05-25,Ward-10,65,Typhoid,5,2
2025-05-25,Ward-4,9,Dengue,22,9
2025-05-26,Ward-8,55,Flu,58,5
2025-05-26,Ward-3,29,Typhoid,45,0
2025-05-27,Ward-6,113,Flu,37,6
2025-05-28,Ward-8,108,Dengue,13,7
2025-05-28,Ward-10,4,Dengue,71,7
2025-05-28,Ward-2,118,COVID-19,61,2
2025-05-28,Ward-7,119,Dengue,34,9
2025-05-28,Ward-7,32,Typhoid,18,0
2025-05-29,Ward-3,117,Typhoid,29,8
2025-05-29,Ward-10,64,Typhoid,77,5
2025-05-30,Ward-9,17,COVID-19,24,8
2025-05-31,Ward-6,95,COVID-19,39,6
2025-05-31,Ward-5,110,Dengue,13,0
2025-05-31,Ward-1,48,Malaria,25,0
2025-05-31,Ward-2,10,Malaria,21,5
2025-06-01,Ward-6,84,COVID-19,47,4
2025-06-01,Ward-5,25,Dengue,50,8
2025-06-01,Ward-6,62,Malaria,2,1
2025-06-02,Ward-2,88,Dengue,41,7
2025-06-03,Ward-1,85,Dengue,18,4
2025-06-03,Ward-2,58,Dengue,72,1
2025-06-04,Ward-1,26,Cholera,27,9
2025-06-04,Ward-4,48,Typhoid,44,5
2025-06-04,Ward-2,76,Dengue,70,9
2025-06-04,Ward-8,32,Cholera,77,7
2025-06-04,Ward-2,97,COVID-19,62,3
2025-06-05,Ward-1,104,Malaria,72,1
2025-06-07,Ward-9,98,Typhoid,18,4
2025-06-08,Ward-2,0,Malaria,46,1
2025-06-09,Ward-8,20,Typhoid,13,1
2025-06-09,Ward-5,111,Malaria,37,5
2025-06-10,Ward-10,54,Typhoid,52,9
2025-06-10,Ward-8,5,Malaria,60,8
2025-06-10,Ward-8,91,Malaria,35,3
2025-06-11,Ward-6,80,Malaria,39,5
2025-06-11,Ward-9,68,Malaria,29,6
2025-06-12,Ward-10,94,COVID-19,8,5
2025-06-12,Ward-9,4,Dengue,63,7
2025-06-12,Ward-6,101,Flu,32,3
2025-06-12,Ward-10,2,Cholera,51,0
2025-06-12,Ward-10,52,Flu,13,6
2025-06-13,Ward-2,22,Flu,74,2
2025-06-13,Ward-5,100,Typhoid,52,5
2025-06-14,Ward-2,52,Dengue,58,1
2025-06-15,Ward-6,36,Typhoid,77,8
2025-06-16,Ward-4,73,Dengue,40,0
2025-06-16,Ward-6,73,Dengue,67,5
2025-06-17,Ward-2,82,Malaria,67,5
2025-06-17,Ward-6,16,COVID-19,7,4
2025-06-18,Ward-2,84,Malaria,1,4
2025-06-19,Ward-6,77,COVID-19,40,0
2025-06-20,Ward-1,72,Typhoid,54,9
2025-06-20,Ward-6,109,COVID-19,15,4
2025-06-21,Ward-1,0,Typhoid,61,1
2025-06-22,Ward-6,50,Flu,47,6
2025-06-23,Ward-7,44,Flu,29,2
2025-06-24,Ward-10,76,COVID-19,11,3
2025-06-24,Ward-3,3,COVID-19,34,2
2025-06-26,Ward-10,61,Typhoid,10,2
2025-06-27,Ward-8,64,Malaria,63,3
2025-06-28,Ward-3,112,Typhoid,49,4
2025-06-29,Ward-3,103,Malaria,20,0
2025-06-29,Ward-3,31,Flu,68,3
2025-06-29,Ward-2,33,Dengue,47,7
2025-06-29,Ward-6,91,COVID-19,19,9
2025-07-01,Ward-6,94,Malaria,66,6
2025-07-01,Ward-10,71,Typhoid,43,8
2025-07-01,Ward-2,38,Flu,32,4
2025-07-01,Ward-10,25,Malaria,72,9
2025-07-02,Ward-1,33,Typhoid,60,3
2025-07-02,Ward-3,53,COVID-19,8,7
2025-07-02,Ward-6,117,COVID-19,67,8
2025-07-03,Ward-7,2,Cholera,34,6
2025-07-03,Ward-2,49,Dengue,64,6
2025-07-03,Ward-1,11,Cholera,7,4
2025-07-03,Ward-6,64,Flu,44,3
2025-07-03,Ward-6,53,Malaria,46,9
2025-07-04,Ward-3,107,Flu,39,0
2025-07-05,Ward-9,4,Typhoid,75,9
2025-07-06,Ward-3,93,COVID-19,53,9
2025-07-06,Ward-5,93,Cholera,75,6
2025-07-07,Ward-5,56,Cholera,45,0
2025-07-08,Ward-8,16,Cholera,46,0
2025-07-08,Ward-1,111,Flu,14,4
2025-07-10,Ward-4,46,COVID-19,18,8
2025-07-11,Ward-10,22,Malaria,25,5
2025-07-12,Ward-1,78,Typhoid,51,2
2025-07-12,Ward-6,100,Malaria,21,2
2025-07-12,Ward-4,84,Flu,20,6
2025-07-13,Ward-4,13,Typhoid,50,5
2025-07-13,Ward-7,65,Cholera,37,8
2025-07-13,Ward-6,74,Dengue,19,5
2025-07-15,Ward-6,50,Flu,28,4
2025-07-15,Ward-6,102,Flu,50,9
2025-07-15,Ward-3,37,COVID-19,3,6
2025-07-16,Ward-7,63,Malaria,54,0
2025-07-17,Ward-5,97,Flu,70,6
2025-07-17,Ward-9,37,Flu,27,2
2025-07-19,Ward-1,49,Cholera,3,8
2025-07-19,Ward-10,97,Cholera,21,5
2025-07-21,Ward-10,81,Typhoid,75,8
2025-07-21,Ward-1,29,Dengue,44,4
2025-07-21,Ward-6,78,COVID-19,66,6
2025-07-22,Ward-1,90,Dengue,65,3
2025-07-22,Ward-8,50,Typhoid,33,6
2025-07-22,Ward-9,62,Cholera,54,0
2025-07-23,Ward-1,97,Malaria,0,6
2025-07-24,Ward-9,51,Cholera,71,7
2025-07-24,Ward-5,37,COVID-19,37,4
2025-07-25,Ward-4,96,Cholera,5,1
2025-07-25,Ward-3,87,COVID-19,24,4
2025-07-26,Ward-7,78,COVID-19,16,5
2025-07-27,Ward-2,29,COVID-19,60,1
2025-07-27,Ward-9,118,Typhoid,11,5
2025-07-27,Ward-3,105,COVID-19,5,5
2025-07-27,Ward-7,50,COVID-19,26,0
2025-07-28,Ward-10,80,Malaria,7,0
2025-07-28,Ward-4,4,Dengue,64,9
2025-07-29,Ward-6,28,Flu,56,2
2025-07-29,Ward-9,3,Dengue,39,9
2025-07-29,Ward-6,9,COVID-19,13,9
2025-07-30,Ward-4,55,Malaria,34,2
2025-07-31,Ward-3,16,Cholera,47,3
2025-07-31,Ward-5,73,Malaria,55,1
2025-07-31,Ward-3,16,COVID-19,48,8
2025-08-01,Ward-2,83,Malaria,12,9
2025-08-02,Ward-1,87,Malaria,60,6
2025-08-03,Ward-6,68,COVID-19,48,6
2025-08-04,Ward-6,33,Typhoid,45,5
2025-08-04,Ward-6,5,Malaria,61,2
2025-08-04,Ward-9,52,Flu,7,5
2025-08-05,Ward-4,65,Flu,42,7
2025-08-05,Ward-9,76,Malaria,19,7
2025-08-05,Ward-7,106,Typhoid,38,8
2025-08-06,Ward-2,42,Cholera,48,0
2025-08-07,Ward-6,111,COVID-19,63,0
2025-08-08,Ward-2,74,Flu,61,2
2025-08-09,Ward-5,114,Cholera,53,2
2025-08-10,Ward-8,110,Malaria,8,9
2025-08-10,Ward-10,22,Cholera,36,7
2025-08-11,Ward-9,54,Dengue,48,9
2025-08-11,Ward-8,79,Flu,40,0
2025-08-12,Ward-10,94,Malaria,16,1
2025-08-12,Ward-1,74,COVID-19,20,1
2025-08-13,Ward-9,117,Typhoid,50,2
2025-08-13,Ward-8,15,Malaria,58,5
2025-08-13,Ward-7,7,COVID-19,38,0
2025-08-15,Ward-1,3,Typhoid,54,1
2025-08-16,Ward-2,103,Typhoid,40,0
2025-08-16,Ward-4,3,Malaria,38,4
2025-08-17,Ward-7,55,Cholera,12,6
2025-08-18,Ward-9,24,Cholera,63,7
2025-08-18,Ward-5,66,Typhoid,10,9
2025-08-18,Ward-8,95,Cholera,18,0
2025-08-19,Ward-10,66,Dengue,10,6
2025-08-19,Ward-3,26,Typhoid,76,4
2025-08-19,Ward-1,92,Typhoid,45,9
2025-08-20,Ward-10,31,COVID-19,44,0
2025-08-21,Ward-5,49,Cholera,0,2
2025-08-22,Ward-1,60,Typhoid,39,6
2025-08-22,Ward-3,50,Dengue,18,9
2025-08-22,Ward-3,18,COVID-19,75,0
2025-08-22,Ward-2,20,Malaria,71,6
2025-08-23,Ward-8,4,Typhoid,71,4
2025-08-23,Ward-8,81,Dengue,60,0
2025-08-25,Ward-10,91,Flu,11,0
2025-08-26,Ward-9,41,Dengue,60,0
2025-08-26,Ward-6,60,Dengue,32,8
2025-08-26,Ward-4,21,COVID-19,44,2
2025-08-27,Ward-1,20,Malaria,68,4
2025-08-27,Ward-10,69,Flu,7,9
2025-08-27,Ward-1,0,Cholera,24,8
2025-08-28,Ward-10,4,Cholera,45,5
2025-08-29,Ward-1,104,Dengue,29,8
2025-08-29,Ward-10,11,COVID-19,46,7
2025-08-30,Ward-7,89,COVID-19,48,7
2025-08-30,Ward-6,45,Cholera,46,0
2025-08-31,Ward-7,33,Flu,17,8
2025-08-31,Ward-1,48,Malaria,65,5
2025-08-31,Ward-8,77,Flu,67,8
2025-09-01,Ward-9,89,Typhoid,32,2
2025-09-02,Ward-8,44,Typhoid,35,2
2025-09-02,Ward-8,26,Malaria,18,5
2025-09-02,Ward-10,72,Cholera,27,8
2025-09-03,Ward-10,25,Malaria,39,6
2025-09-03,Ward-3,46,COVID-19,75,2
2025-09-03,Ward-6,85,Typhoid,14,2
2025-09-03,Ward-2,110,Dengue,40,1
2025-09-04,Ward-5,55,Dengue,38,8
2025-09-05,Ward-5,93,Cholera,1,2
2025-09-05,Ward-7,106,COVID-19,62,4
2025-09-05,Ward-8,62,Flu,28,8
2025-09-06,Ward-10,47,COVID-19,73,7
2025-09-06,Ward-10,60,Dengue,65,1
2025-09-06,Ward-7,80,Dengue,50,2
2025-09-07,Ward-6,25,Typhoid,74,1
2025-09-07,Ward-4,35,COVID-19,76,7
2025-09-07,Ward-2,0,COVID-19,9,5
2025-09-07,Ward-6,7,Dengue,13,5
2025-09-07,Ward-5,112,Flu,50,8
2025-09-07,Ward-2,98,Cholera,72,7
2025-09-08,Ward-2,51,Cholera,38,3
2025-09-08,Ward-1,78,COVID-19,27,3
2025-09-09,Ward-7,46,Cholera,2,8
2025-09-09,Ward-2,55,Dengue,69,0
2025-09-10,Ward-8,85,Dengue,26,1
2025-09-10,Ward-4,13,COVID-19,1,1
2025-09-10,Ward-9,89,COVID-19,37,5
2025-09-10,Ward-10,27,Typhoid,2,3
2025-09-11,Ward-3,86,COVID-19,15,9
2025-09-11,Ward-6,77,Flu,39,2
2025-09-11,Ward-4,87,Cholera,1,2
2025-09-12,Ward-9,1,COVID-19,40,2
2025-09-13,Ward-5,108,Malaria,11,5
2025-09-13,Ward-1,25,Typhoid,34,7
2025-09-14,Ward-8,13,Malaria,64,6
2025-09-14,Ward-1,58,Dengue,54,3
2025-09-15,Ward-5,55,Cholera,44,3
2025-09-16,Ward-9,114,COVID-19,78,9
2025-09-16,Ward-3,6,Malaria,61,1
2025-09-16,Ward-2,2,Cholera,48,0
2025-09-16,Ward-8,110,Dengue,24,8
2025-09-17,Ward-8,22,Flu,22,1
2025-09-17,Ward-1,109,Typhoid,23,7
2025-09-17,Ward-4,106,Cholera,37,8
2025-09-17,Ward-6,110,Cholera,27,3
2025-09-18,Ward-1,108,Flu,20,7
2025-09-18,Ward-8,17,Cholera,53,8
2025-09-18,Ward-3,37,Dengue,17,9
2025-09-19,Ward-5,98,Dengue,35,9
2025-09-19,Ward-10,114,Flu,44,4
2025-09-20,Ward-8,14,Typhoid,72,6
2025-09-20,Ward-9,63,COVID-19,52,9
2025-09-20,Ward-5,88,Malaria,29,3
2025-09-20,Ward-5,118,COVID-19,59,0
2025-09-20,Ward-5,100,Cholera,31,2
2025-09-21,Ward-2,27,Malaria,66,4
2025-09-21,Ward-3,73,Flu,66,2
2025-09-21,Ward-8,38,Flu,27,6
2025-09-21,Ward-10,56,Typhoid,43,8
2025-09-23,Ward-10,16,Malaria,78,5
2025-09-23,Ward-5,102,Dengue,40,9
2025-09-24,Ward-3,85,Malaria,62,0
2025-09-25,Ward-5,89,Cholera,22,6
2025-09-25,Ward-6,43,Dengue,74,2
2025-09-27,Ward-7,24,Flu,47,4
2025-09-27,Ward-7,16,Malaria,31,9
2025-09-27,Ward-7,12,COVID-19,56,3
2025-09-28,Ward-2,83,Typhoid,32,9
2025-09-28,Ward-3,24,COVID-19,23,4
2025-09-28,Ward-4,67,Typhoid,38,4
2025-09-29,Ward-7,9,Cholera,33,5
2025-09-29,Ward-2,66,COVID-19,55,9
2025-09-30,Ward-10,104,Malaria,27,9
2025-10-01,Ward-5,108,Malaria,36,5
